Card Name,Ban Reason,Source
Ancestral Recall,Commander Banlist,Commander
Balance,Commander Banlist,Commander
Biorhythm,Commander Banlist,Commander
Black Lotus,Commander Banlist,Commander
Channel,Commander Banlist,Commander
"Emrakul, the Aeons Torn",Commander Banlist,Commander
Fastbond,Commander Banlist,Commander
Flash,Commander Banlist,Commander
Gifts Ungiven,Commander Banlist,Commander
Griselbrand,Commander Banlist,Commander
Hullbreacher,Commander Banlist,Commander
Karakas,Commander Banlist,Commander
Library of Alexandria,Commander Banlist,Commander
Limited Resources,Commander Banlist,Commander
Mox Emerald,Commander Banlist,Commander
Mox Jet,Commander Banlist,Commander
Mox Pearl,Commander Banlist,Commander
Mox Ruby,Commander Banlist,Commander
Mox Sapphire,Commander Banlist,Commander
Panoptic Mirror,Commander Banlist,Commander
Primeval Titan,Commander Banlist,Commander
Recurring Nightmare,Commander Banlist,Commander
Sundering Titan,Commander Banlist,Commander
Sway of the Stars,Commander Banlist,Commander
Sylvan Primordial,Commander Banlist,Commander
Time Vault,Commander Banlist,Commander
Time Walk,Commander Banlist,Commander
Tinker,Commander Banlist,Commander
Tolarian Academy,Commander Banlist,Commander
Trade Secrets,Commander Banlist,Commander
Upheaval,Commander Banlist,Commander
Yawgmoth's Bargain,Commander Banlist,Commander
Bitterblossom,Generates tokens,Nomad Rule
Esika’s Chariot,Generates tokens,Nomad Rule
Lingering Souls,Generates tokens,Nomad Rule
Revel in Riches,Generates tokens,Nomad Rule
"Oko, Thief of Crowns",Generates tokens,Nomad Rule
"Saheeli, Sublime Artificer",Generates tokens,Nomad Rule
Wedding Announcement,Generates tokens,Nomad Rule
"Krenko, Mob Boss",Generates tokens,Nomad Rule
Luminarch Ascension,Generates tokens,Nomad Rule
"Elspeth, Sun's Champion",Generates tokens,Nomad Rule
All Planeswalkers,Uses counters,Nomad Rule
Arcbound Ravager,Uses counters,Nomad Rule
All Persist creatures,Uses counters,Nomad Rule
All Undying creatures,Uses counters,Nomad Rule
All Suspend cards,Uses Suspend,Nomad Rule
All Energy cards,Uses Energy,Nomad Rule
All Infect/Poison cards,Uses Infect/Poison,Nomad Rule
All Dungeon cards,Uses Dungeon,Nomad Rule
All Sticker/Attraction cards,Uses Sticker/Attraction,Nomad Rule
All Copy effects requiring tracking,Tracking complexity,Nomad Rule
Sensei’s Divining Top,Combo/time-wasting,Legacy
Skullclamp,Warping power level,Legacy
"Uro, Titan of Nature’s Wrath",Too efficient in 40-card format,Legacy
Wasteland,Unfun land destruction,Legacy